{
  "train_loss": [
    0.1391829599863217,
    0.09354871350306052,
    0.08096149356276901,
    0.07565658030686555,
    0.07392627990908093,
    0.07071877674924003,
    0.07037466491446083,
    0.06945809816872632,
    0.06838071349226399,
    0.06785068138146107,
    0.06781996271860452,
    0.0663450633596491,
    0.06501996637862406,
    0.06410966313547559,
    0.0649198567977658,
    0.06409509102503459,
    0.06368954476750927,
    0.06271379383257877,
    0.06278197607140482,
    0.06253743439176936,
    0.061851319979738306,
    0.06156361585781898,
    0.06132523830290194,
    0.06087447382785656,
    0.060833223774845215,
    0.06090791162149406,
    0.0606450754477654,
    0.060156966223392956,
    0.06025403593793328,
    0.05979868984516756,
    0.05997909158836176,
    0.059519479591169475,
    0.05881218349492109,
    0.058896610733167626,
    0.05852763565234196,
    0.058186674736164234,
    0.05822922128770087,
    0.057826533652382134,
    0.05787825656157953,
    0.05776639162390321,
    0.057016079955630836,
    0.057356454211252704,
    0.05679751420094643,
    0.05721722172366248,
    0.05662427120002699,
    0.056877460258978385,
    0.057023995470853496,
    0.05604747192359265,
    0.056773714044211825,
    0.05606073514914807
  ],
  "val_loss": [
    0.09929838471942477,
    0.07543032122982873,
    0.07468394875526428,
    0.06571512929267354,
    0.06379329024089707,
    0.06174135814110438,
    0.06603271838691499,
    0.0679218533800708,
    0.061296203633149464,
    0.06662111737661891,
    0.06222356390621927,
    0.062244679050313105,
    0.05848986383941438,
    0.057722999370760385,
    0.06081977334287431,
    0.059746819569004905,
    0.057450559453831776,
    0.06078550045688947,
    0.058374558389186856,
    0.058793851501411865,
    0.058140015966362424,
    0.0581536857287089,
    0.05845973723464542,
    0.059454918636216054,
    0.05853780811031659,
    0.056105252752701444,
    0.05518097592724694,
    0.05654849825633897,
    0.05632840777436892,
    0.055052205042706595,
    0.05532918035984039,
    0.05662838035159641,
    0.05508478459384706,
    0.056129244731532205,
    0.05634976350598865,
    0.05577941858106189,
    0.05575876764125294,
    0.05474419918325212,
    0.05472794007923868,
    0.05460702339808146,
    0.05444930338197284,
    0.05474809865156809,
    0.05373939668138822,
    0.055983929965231154,
    0.05426231708791521,
    0.05577186847726504,
    0.05485137760639191,
    0.06225578582949109,
    0.05709006819460127,
    0.054328683167696
  ]
}